{
  "name": "portfolio-site",
  "version": "1.0.0",
  "private": true,
  "scripts": {
    "dev": "vite",
    "build": "vite build",
    "preview": "vite preview"
  },
  "dependencies": {
    "react": "^18.3.1",
    "react-dom": "^18.3.1",
    "react-icons": "^5.5.0",
    "wouter": "^3.3.5",
    "class-variance-authority": "^0.7.1",
    "clsx": "^2.1.1",
    "lucide-react": "^0.453.0",
    "tailwind-merge": "^2.6.0"
  },
  "devDependencies": {
    "@types/react": "^18.3.11",
    "@types/react-dom": "^18.3.1",
    "@vitejs/plugin-react": "^4.3.2",
    "autoprefixer": "^10.4.20",
    "postcss": "^8.4.47",
    "tailwindcss": "^3.4.17",
    "typescript": "5.6.3",
    "vite": "^5.4.14"
  }
}